,note,sort,stat,code,fd,name,parent,freq,tb,sdt
0,账面市值比，即公司股东权益与市值的比值。账面市值比=最近报告期股东权益合计/最新公司市值,16,1,M001001,p.p1,账面市值比,M001,D,metrics.comm_idx_price_his_a,2007-04-30
1,近1年股息率，即最近1年公司合计派现占市值比重。年派现_市值比=最近1年公司的合计派现/公司市值,18,1,M001003,p.p3,近1年股息率,M001,D,metrics.comm_idx_price_his_a,2008-04-30
2,近3年股息率，即最近3年公司合计派现占市值比重。近3年派现_市值比=最近3年公司的合计派现/公司市值,19,1,M001004,p.p4,近3年股息率,M001,D,metrics.comm_idx_price_his_a,2010-04-30
3,企业价值倍数，即企业价值与（扣除非经常性损益后）息税折旧及摊销前利润的比值。企业倍数=企业价值/税息折旧摊销前利润=EV/EBITDA,17,0,M001005,p.p5,企业价值倍数,M001,Q,metrics.comm_idx_price_his_a,2008-04-30
4,市盈率相对盈利增长比率，即公司市盈率与未来盈利增长率的比值。PEG=PE/未来1年的每股收益增长率,20,0,M001006,p.p6,市盈率相对盈利增长比率,M001,D,metrics.comm_idx_price_his_a,2008-04-30
5,市盈率LTM，即公司股价与最近12月每股收益的比值，或公司市值与归属母公司净利润LTM的比值。PE=市值/净利润(LTM),1,1,M001007,pe,市盈率LTM,M001,D,metrics.comm_idx_price_his_a,2008-04-30
6,市销率LTM，即股价与最近12月每股营业收入的比值，或公司市值与营业收入的比值。PS=市场价值/营业收入(LTM),3,1,M001009,ps,市销率LTM,M001,D,metrics.comm_idx_price_his_a,2008-04-30
7,市现率LTM，即股价与最近12月每股经营现金流的比值，或公司市值与经营活动产生的现金流量的比值。PCF=市值/经营活动产生的现金流量净额(LTM),4,1,M001010,pcf,市现率LTM,M001,D,metrics.comm_idx_price_his_a,2008-04-30
8,市盈率，即市值与净利润之比。市盈率YTD=最新市值/（最近报告期净利润*年化系数）,5,0,M001011,p.p7,市盈率YTD,M001,D,metrics.comm_idx_price_his_a,2008-04-30
9,市净率，反映市值和净资产的比率，净资产即公司的账面价值。市净率YTD=最新市值/最近报告期净资产,2,1,M001012,pb,市净率,M001,D,metrics.comm_idx_price_his_a,2007-04-30
10,市销率，即市值与营业收入的比值。市销率YTD=最新市值/（最近报告期营业收入*年化系数）,6,0,M001013,p.p9,市销率YTD,M001,D,metrics.comm_idx_price_his_a,2008-04-30
11,市现率，即市值与现金流量净额的比值。市现率YTD=市值/（最近报告期现金流量净额*年化系数）,7,0,M001014,p.p10,市现率YTD,M001,D,metrics.comm_idx_price_his_a,2008-04-30
12,相对PE，即公司市盈率与行业平均市盈率的比值。相对PE=市盈率LTM/行业平均市盈率,8,1,M001015,p.p11,相对市盈率,M001,D,metrics.comm_idx_price_his_a,2008-04-30
13,相对PS，即公司市销率与行业平均市销率的比值。相对PS=市销率LTM/行业平均市销率,10,1,M001016,p.p12,相对市销率,M001,D,metrics.comm_idx_price_his_a,2008-04-30
14,相对PB，即公司市净率与行业平均市净率的比值。相对PB=市净率YTD/行业平均市净率,9,1,M001017,p.p13,相对市净率,M001,D,metrics.comm_idx_price_his_a,2007-04-30
15,相对PCF，即公司市现率与行业平均市现率的比值。相对PCF=市现率LTM/行业平均市现率,11,1,M001018,p.p14,相对市现率,M001,D,metrics.comm_idx_price_his_a,2008-04-30
16,盈利市值比EP，即市盈率倒数。盈利市值比EP=最近12个月净利润/最新市值市值=1/市盈率LTM,12,1,M001019,p.p7,盈利市值比EP,M001,D,metrics.comm_idx_price_his_a,2008-04-30
17,净资产市值比BP，即市净率倒数。净资产市值比BP=最近报告期净资产/最新市值=1/市净率YTD,13,1,M001020,pb,净资产市值比BP,M001,D,metrics.comm_idx_price_his_a,2008-04-30
18,现金流市值比CFP，即市现率倒数。现金流市值比CFP=最近12个月现金流量净额/最新市值=1/市现率LTM,15,1,M001021,p.p10,现金流市值比CFP,M001,D,metrics.comm_idx_price_his_a,2008-04-30
19,营业收入市值比SP，市销率倒数。营业收入市值比SP=最近12个月营业收入/最新市值=1/市销率LTM,14,1,M001022,p.p9,营业收入市值比SP,M001,D,metrics.comm_idx_price_his_a,2008-04-30
20,经营现金流量净额_总市值比，即经营活动产生的现金流量净额占公司总市值的比重。经营现金流量净额_市值比=经营活动产生的现金流量净额/总市值*100,37,0,M002007,p.p19,经营现金流量净额_总市值比LTM,M002,D,metrics.comm_idx_price_his_a,2008-04-30
21,股本，即公司股东所占的权益。股本=股票面值*股份总数,131,1,M004001,tos,股本,M004,D,metrics.comm_idx_price_his_a,2007-04-30
22,流通股本，即公司已发行股本中在二级市场流通的股份。,132,1,M004002,tfs,流通股本,M004,D,metrics.comm_idx_price_his_a,2007-04-30
23,流通比例，即流通股本占总股本的比例。流通比例=流通股本/总股本,133,1,M004003,p.p20,流通比例,M004,D,metrics.comm_idx_price_his_a,2007-04-30
24,流通市值对数值流通市值对数值=ln（流通市值）,137,1,M004005,p.p22,流通市值对数值,M004,D,metrics.comm_idx_price_his_a,2007-04-30
25,总市值是指在某特定时间内总股本数乘以当时股价得出的股票总价值。总市值对数值=ln（总市值）,135,1,M004006,p.p23,总市值对数值,M004,D,metrics.comm_idx_price_his_a,2007-04-30
26,总资产对数值=ln（总资产）,138,1,M004007,p.p24,总资产对数值,M004,D,metrics.comm_idx_price_his_a,2007-04-30
27,ACD指标将市场分为两股收集（买入）及派发（估出）的力量。若当天收市价高于昨天收市价，则收集力量等于当天收市价与真实低位之差。真实低位是当天低位与昨天收市价两者中的最低者。若当天收市价低于昨天收市价，则派发力量等于当天收市价与真实高位之差。真实高位是当天高位与昨天收市价两者较高者；若将收集力量（正数）及派发力量（负数）相加，我们便可得到市场的净收集力量，从而了解市场的强弱。,179,1,M007001,items.acd,ACD收集派发指标,M007,W,metrics.comm_idx_tech_his_a,2007-04-30
28,ASI累计振动升降指标通过比较过去一段时间股价开高低收的关系来判读股价的长期趋势。当ASI为正，说明趋势会继续；当ASI为负，说明趋势会终结。,180,1,M007002,items.asi,ASI累计振动升降指标,M007,W,metrics.comm_idx_tech_his_a,2007-04-30
29,DX系统共有DI_P、 DI_N、 DX、ADX、 ADXR五个指标,181,0,M007003,items.dx,DX方向移动指数,M007,W,metrics.comm_idx_tech_his_a,2007-04-30
30,EMV指标是一个动量型指标，通过股价变动与成交量之间的关系去刻画股价的动量。当EMV大于0，说明股价有上升的动能；当EMV小于0，说明股价有下降的压力。,182,1,M007004,items.emv,EMV简易波动指标,M007,W,metrics.comm_idx_tech_his_a,2007-04-30
31,MACD称为指数平滑异同平均线，是从双指数移动平均线发展而来的，由快的指数移动平均线（EMA）减去慢的指数移动平均线。当MACD从负数转向正数，是买的信号；当MACD从正数转向负数，是卖的信号。,184,1,M007005,items.macd,MACD平滑异同平均指标,M007,W,metrics.comm_idx_tech_his_a,2007-04-30
32,移动平均指标计算证券价格在过去一段时间内的平均值。计算移动平均值有多种方法，例如简单平均、指数平均,183,0,M007006,items.ma,MA移动平均指标,M007,W,metrics.comm_idx_tech_his_a,2007-04-30
33,TEMA是对单一指数移动平均、双重指数移动平均和三重指数移动平均的综合，当存在趋势时，该指标的时滞与3个组成要素中的任何一个都要短。,185,1,M007007,items.tema,TEMA三重指数移动平均,M007,W,metrics.comm_idx_tech_his_a,2007-04-30
34,TS指标用来统计近期涨跌情况的简单指标，当价格上涨分数为正，价格下跌分数为负，通过TS的高低来判读当前行情的趋势。,188,1,M007008,items.ts,TS趋势分数,M007,W,metrics.comm_idx_tech_his_a,2007-04-30
35,三角移动平均线(TMA)是对简单移动平均线进行再平均，并使其更加平滑，即TMA 是平均价格的平均值。相比于其他移动平均线，TMA 有时能够更快地对价格变化作出反应。,186,1,M007009,items.tma,TMA三角移动平均线,M007,W,metrics.comm_idx_tech_his_a,2007-04-30
36,TRIX契克斯是动量指标，显示了收盘价的三重指数移动平均的百分变化率，该指标在零线附近摆动，它的三重指数平滑被设计来过滤掉“不重要的”周期。证券价格与TRIX之间的背离也有助于辨别转折点。,187,0,M007010,items.trix,TRIX契克斯,M007,W,metrics.comm_idx_tech_his_a,2007-04-30
37,VHF指标用来判断当前行情处于趋势阶段还是振荡阶段，类似MACD等指标也能帮助识别行情趋势，但当行情处于盘整阶段时会经常发出错误信号，而RSI在振荡行情时能准确识别超买超卖的状态，但在趋势行情时总是发出错误信号。VHF指标通过识别趋势的强弱，来帮助投资者选择相应的指标（如MACD或RSI）,189,1,M007011,items.vhf,VHF垂直水平过滤指标,M007,W,metrics.comm_idx_tech_his_a,2007-04-30
38,VMACD指标与MACD指标的唯一区别是VMACD是基于成交量计算的，用来识别成交量的,190,1,M007012,items.vmacd,VMACD量指数平滑异同移动平均线,M007,W,metrics.comm_idx_tech_his_a,2007-04-30
39,"AR指标是反映市场当前情况下多空双方力量发展对比的结果。它是以当日的开盘价为基点,与当日最高价当、最低价相比较，通过开盘价在股价中的地位反应市场买卖的人气。",168,1,M008001,items.ar,AR指标,M008,W,metrics.comm_idx_tech_his_a,2007-04-30
40,BR指标是反映当前情况下多空双方力量争斗的结果。它以前一日的收盘价为基础，与当日的最高价、最低价相比较，通过昨日收盘价在股价中的地位反应市场买卖的人气。,170,1,M008002,items.br,BR指标,M008,W,metrics.comm_idx_tech_his_a,2007-04-30
41,AROON指标计算自价格达到近期最高值和最低值以来所经过的期间数，帮助投资者预测证券价格趋势、强弱以及趋势的反转等。该指标由三部分组成： AROON上升数、 AROON下降数以及AROON指标。 AROON上升数和AROON下降数分别用以描述多头和空头的强弱。,169,1,M008003,items.aroon,AROON指标,M008,W,metrics.comm_idx_tech_his_a,2007-04-30
42,CR指标以上一个计算周期（如N日）的中间价比较当前周期（如日）的最高价、最低价，计算出一段时期内股价的“强弱”，从而在分析一些股价的异常波动行情时，有其独到的功能。另外， CR指标不但能够测量人气的热度、价格动量的潜能，而且能够显示出股价的压力带和支撑带，为分析预测股价未来的变化趋势，判断买卖股票的时机提供重要的参考。,172,1,M008004,items.cr,CR能量指标,M008,W,metrics.comm_idx_tech_his_a,2007-04-30
43,钱德动量摆动指标是由图莎尔・钱德发明的，与其他动量指标摆动指标如相对强弱指标（RSI）和随机指标（KDJ）不同，钱德动量指标在计算公式的分子中采用上涨日和下跌日的数据。当动量摆动超过+50时，我们认为证券处于超买状态，当动量摆动低于-50时，我们认为证券处于超卖状态。一些技术投资者还在此摆动指标的基础上添加了九个周期的移动平均线，以作为信号线。当摆动线在信号线上方时，是多头的信号；当摆动先位于信号线下方时，是空头的信号。,171,1,M008005,items.cmo,CMO钱德动量摆动指标,M008,W,metrics.comm_idx_tech_his_a,2007-04-30
44,除了时间区间的长度是变动而不是固定的，DMI动态动量指标与相对强弱指标是一致的。价格的波动性越高，DMI对价格的变化就越敏感。,173,1,M008006,items.dmi,DMI动态动量指标,M008,W,metrics.comm_idx_tech_his_a,2007-04-30
45,IMI日内动量指标，通过计算过去一段周期内收盘价与开盘价的关系，来反应股票的买卖平衡。一般当IMI低于30，我们认为股票处于超卖状态；当IMI高于70，我们认为股票处于超买状态。,174,1,M008007,items.imi,IMI日内动量指标,M008,W,metrics.comm_idx_tech_his_a,2007-04-30
46,质量指标通过度量最高价与最低价之间区间的变宽和变窄来辨别趋势反转。,175,0,M008008,items.mi,MI质量指标,M008,W,metrics.comm_idx_tech_his_a,2007-04-30
47,MTM动量指标通过计算股价波动的速度，得出股价进入强势的高峰和转入弱势的低谷等不同讯号，,176,1,M008009,items.mtm,MTM动量指标,M008,W,metrics.comm_idx_tech_his_a,2007-04-30
48,RMI相对动量指标是相对强弱指标加上动量成分后的变形，相对动量指标从收盘价相对于n期前收盘价计算上涨交易日和下跌交易日。,177,1,M008010,items.rmi,RMI相对动量指标,M008,W,metrics.comm_idx_tech_his_a,2007-04-30
49,SMI随机动量指标基于股价变化与股价波动区间的联系，刻画出当前股价与近期股价波动的关系，对股价是否会反转或延续当前的趋势有一个基本的判读。,178,1,M008011,items.smi,SMI随机动量指标,M008,W,metrics.comm_idx_tech_his_a,2007-04-30
50,ARC指标是股票的价格变化率RC指标的均值，用以判断前一段交易周期内股票的平均价格变化率。,212,0,M009001,items.arc,ARC变化率指数均值,M009,W,metrics.comm_idx_tech_his_a,2007-04-30
51,乖离率（BIAS）简称Y值也叫偏离率，是反映一定时期内股价与其移动平均数偏离程度的指标。移动平均数一般可视为某一时期内买卖双方都能接受的均衡价格。因此，股价距离移动平均线太远时会重新向平均线靠拢。乖离率指标就是通过测算股价在波动过程中与移动平均线出现的偏离程度，从而得出股价在剧烈波动时因偏离移动平均趋势可能形成的回档或反弹。,213,0,M009002,items.bias,BIAS乖离率,M009,W,metrics.comm_idx_tech_his_a,2007-04-30
52,CCI指标测量当前价格对近期平均价格的偏离程度。商品通道指标数值高则当前价格高于平均价格，反之亦然。作为超买超卖指标，商品通道指标能预测价格趋势的背离。,214,1,M009003,items.cci,CCI商品通道指标,M009,W,metrics.comm_idx_tech_his_a,2007-04-30
53,佳庆指标是基于AD曲线的指数移动均线而计算得到的。,215,0,M009004,items.cho,CHO蔡金震荡指标,M009,W,metrics.comm_idx_tech_his_a,2007-04-30
54,DBCD异同离差乖离率先计算乖离率BIAS，然后计算不同日的乖离率之间的离差，最后对离差进行指数移动平滑处理。优点是能够保持指标的紧密同步，并且线条光滑，信号明确，能够有效的过滤掉伪信号。,216,0,M009005,items.dbcd,DBCD异同离差乖离率,M009,W,metrics.comm_idx_tech_his_a,2007-04-30
55,DDI指标，即方向标准离差指数，一般用于观察一段时间内股价相对于前一天向上波动 和向下波动的比例，并对其进行移动平均分析。通过分析DDI柱状线，可以判断是买入信号还是卖出信号。,217,1,M009006,items.ddi,DDI方向标准离差指标,M009,W,metrics.comm_idx_tech_his_a,2007-04-30
56,MFI指标是RSI扩展指标，MFI指标用成交金额代替的指数，是某一时间周期内上涨的成交量之和与下跌的成交量之和的比率。MFI>80为超买，当其回头向下跌破80时，为短线卖出时机。MFI<20为超卖，当其回头向上突破20时，为短线买进时机 ,218,1,M009007,items.mfi,MFI货币流量指标,M009,W,metrics.comm_idx_tech_his_a,2007-04-30
57,RSI指标多在30-70之间变动，通常80甚至90时被认为市场已到达超买状态，至此市场价格自然会回落调整。当价格低跌至30以下即被认为是超卖状态，市价将出现反弹回升。,219,1,M009008,items.rsi,RSI相对强弱指标,M009,W,metrics.comm_idx_tech_his_a,2007-04-30
58,随机摆动指标比较证券的收盘价相对于给定时间内价格区间的位置，随机摆动指标是两条曲线，主线叫做%K线，第二条线叫做%D线。,220,0,M009009,items.so,SO随机摆动指标,M009,W,metrics.comm_idx_tech_his_a,2007-04-30
59,SRSI指标将震荡指标和RSI指标结合在一起，与普通的震荡指标基于价格相比SRSI基于RSI指标。通常当RSI低于20时为超卖，大于80时为超买。,221,1,M009010,items.srsi,SRSI随机相对强弱指标,M009,W,metrics.comm_idx_tech_his_a,2007-04-30
60,SWI指标通过比较当期价格（也就是开盘价、最高价、最低价和收盘价）与前期价格之间的关系来分离出“真实的”证券价格。,222,1,M009011,items.swi,SWI摆动指标,M009,W,metrics.comm_idx_tech_his_a,2007-04-30
61,TSI指标可以用来判断市场趋势，TSI 线上扬表示上升趋势。反之，TSI 线下挫表示下跌趋势。也可以用来识别超买超卖，当TSI值高于25视为处于超买区，表明价格可能发生反转。值低于-25视为超卖，也表明价格可能发生反转。在超买区和超卖区，释放出买进和卖出信号。,223,1,M009012,items.tsi,TSI真实强度指数,M009,W,metrics.comm_idx_tech_his_a,2007-04-30
62,UOS指标比一般单一参数的振荡指标，更能够顺应各种不同的市况。UOS是一种多方位功能的指标，除了趋势确认及超买超卖方面的作用之外，它的“突破”讯号，不仅可以提供最适当的交易时机之外，更可以进一步加强指标的可靠度。,224,1,M009013,items.uos,UOS终极振荡指标,M009,W,metrics.comm_idx_tech_his_a,2007-04-30
63,累积是用于描述被买方控制的市场术语，派发则是描述被卖方控制的市场。该指标是拉里.威廉姆斯（Larry Williams）发明，他建议基于背离来运用该指标进行交易。,225,0,M009014,items.wad,WAD威廉姆斯累积/派发指标,M009,W,metrics.comm_idx_tech_his_a,2007-04-30
64,威廉姆斯W%R是度量超买/超卖水平的动量指标，是由拉里.威廉姆斯（Larry Williams）发明的。为了以倒转的刻度来显示威廉姆斯%R指标，因此常用负值描绘，指标绝对值介于80%-100%时表示证券被超卖，1-20%表示被超买。该指标几乎总能在证券价格达到峰顶再转而下跌之前数日形成峰顶转而下跌，同样，在价格转而上涨之前创出谷底并转而上涨。,226,0,M009015,items.w%r,W%R威廉姆百分之R,M009,W,metrics.comm_idx_tech_his_a,2007-04-30
65,AD指标将每日的成交量通过价格加权累计，用以计算成交量的动量。,199,0,M010001,items.ad,AD累计派发线指标,M010,W,metrics.comm_idx_tech_his_a,2007-04-30
66,CMF指标基于这样的假设，即强势市场（处于上升趋势的市场）通常都伴随着位于日最高价与最低价之间上半部分的收盘价以及放大的成交量。与此相反，弱势市场（处于下跌趋势的市场）通常都伴随着位于日最高价与最低价之间的下半部分的收盘价以及放大的成交量。如果在成交量放大的同时，价格持续收于日最高价与最低价之间的上半部分，那么该指标将会是正值，表示该证券处于强势之中。相反，如果在成交量放大的同时，价格持续收于日最高价与最低价之间的下半部分，那么该指标将是负值，表示该证券处于弱势之中。,200,1,M010002,items.cmf,CMF蔡金货币流量指标,M010,W,metrics.comm_idx_tech_his_a,2007-04-30
67,KVO指标的目的是为了观察短期和长期股票资金的流入和流出的情况。它的主要用途是确认股票价格趋势的方向和强度。用它来判断股价趋势方向，如果股价是上升趋势，它的摆动范围靠上（大于0的方向）；如果是下降趋势，它的摆动范围靠下（小于0的方向）。,201,1,M010003,items.kvo,KVO克林格成交量摆动指标,M010,W,metrics.comm_idx_tech_his_a,2007-04-30
68,NVI指标通过成交量的变化去判别当前的行情是不是由精明投资者驱动。简单的投资者在成交量大的时候交易，精明投资者通常在成交量小的时候交易。,202,1,M010004,items.nvi,NVI负量指标,M010,W,metrics.comm_idx_tech_his_a,2007-04-30
69,OBV指标的理论基础是市场价格的有效变动必须有成交量配合，量是价的先行指标。利用OBV可以验证当前股价走势的可靠性，并可以得到趋势可能反转的信号。比起单独使用成交量来，OBV看得更清楚。,203,1,M010005,items.obv,OBV能量潮,M010,W,metrics.comm_idx_tech_his_a,2007-04-30
70,PVI指标，其主要作用是辨别目前市场行情是处于多头行情还是空头行情，并追踪市场资金流向。识别主力资金是否在不动声色地购进股票或抛出，从而得出市场的操作策略。,204,1,M010006,items.pvi,PVI正量指标,M010,W,metrics.comm_idx_tech_his_a,2007-04-30
71,PVT指标与OBV指标类似，区别是计算PVT指标时，当收盘价大于前收盘价时只有部分成交量会累加到之前的PVT指标上。,205,1,M010007,items.pvt,PVT价量趋势指标,M010,W,metrics.comm_idx_tech_his_a,2007-04-30
72,VAMA指标与MA均线不同的是，根据成交量来确定每期价格的权重。更能反应量价变动的趋势。,206,1,M010008,items.vama,VAMA成交量加权移动平均,M010,W,metrics.comm_idx_tech_his_a,2007-04-30
73,VO指标由成交量的两条均线计算得来，通常与价格的趋势指标配合使用，通过量价结合的分析，判断当前行情的趋势。,207,1,M010009,items.vo,VO成交量摆动指标,M010,W,metrics.comm_idx_tech_his_a,2007-04-30
74,VOSC指标又名移动平均成交量指标，但是，它并非仅仅计算成交量的移动平均线，而是通过对成交量的长期移动平均线和短期移动平均线之间的比较，分析成交量的运行趋势和及时研判趋势转变方向。先分别计算短期移动平均线(SHORT)和长期移动平均线(LONG)，然后算两者的差值，再求差值与短期移动平均线(SHORT)的比，最后将比值放大100倍，得到VOSC值。,208,1,M010010,items.vosc,VOSC移动平均成交量指标,M010,W,metrics.comm_idx_tech_his_a,2007-04-30
75,VR指标通过分析股价上升日成交额（或成交量，下同）与股价下降日成交额比值，从而掌握市场买卖气势的中期技术指标。主要用于个股分析，其理论基础是“量价同步”及“量须先于价”，以成交量的变化确认低价和高价，从而确定买卖时法。,209,1,M010011,items.vr,VR成交量比率指标,M010,W,metrics.comm_idx_tech_his_a,2007-04-30
76,VROC指标是以今天的成交量和N天前的成交量比较，通过计算某一段时间内成交量变动的幅度，应用成交量的移动比较来测量成交量运动趋向，达到事先探测成交量供需的强弱，进而分析成交量的发展趋势及其将来是否有转势的意愿，属于成交量的反趋向指标。,210,1,M010012,items.vroc,VROC成交量变动速率指标,M010,W,metrics.comm_idx_tech_his_a,2007-04-30
77,VRSI是市场成交量的相对强弱指标，通过动态分析成交量的变化，识破庄家的盘中对敲、虚假放量，虚假买卖盘等欺骗手段，从真实的量能变化中找出庄家的战略意图，从而达到安全跟庄、稳定获利的投资目标。,211,1,M010013,items.vrsi,VRSI成交量相对强弱指标,M010,W,metrics.comm_idx_tech_his_a,2007-04-30
78,平均真实波幅(ATR)是显示市场变化率的指标。ATR不指示价格的变动方向，只表示价格的波动程度。而价格波动幅度的突破通常也预示着价格的突破。即：该指标价值越高，趋势改变的可能性就越高；该指标的价值越低，趋势的移动性就越弱。,191,0,M011001,items.atr,ATR平均真实波幅,M011,W,metrics.comm_idx_tech_his_a,2007-04-30
79,CVI指标计算最高价与最低价的价差均值来衡量股价的波动率，与ATR不同的是CVI指标没有考虑周期间价格的跳空。在实际使用过程中，CVI指标结合用均线等其他趋势指标去增加趋势判断的准确率。,192,1,M011002,items.cvi,CVI蔡金波动率指标,M011,W,metrics.comm_idx_tech_his_a,2007-04-30
80,"Q棒指标是一种振荡类股票技术指标, 它通过计算交易日内收盘价与开盘价的关系来反映股价趋势的方向与强度。",193,1,M011003,items.qst,QST指标,M011,W,metrics.comm_idx_tech_his_a,2007-04-30
81,RI区域指标计算了期间内股票最高价到最低价的区域超过了期间之间收盘价到收盘价的区域的时间，可用于辨别趋势的开始与结束。,194,1,M011004,items.ri,RI区域指标,M011,W,metrics.comm_idx_tech_his_a,2007-04-30
82,RVI指标的计算方法与RSI类似，唯一的区别是RVI基于标准差，而RSI基于股价。RVI用于判断股价波动的方向，常与趋势型指标配合使用（如MA移动均线）。,195,1,M011005,items.rvi,RVI相对波动率指标,M011,W,metrics.comm_idx_tech_his_a,2007-04-30
83,TR指标用于计算股票连续两个周期真实波动的范围，是计算ATR的前提。,196,1,M011006,items.tr,TR真实波动范围,M011,W,metrics.comm_idx_tech_his_a,2007-04-30
84,UI指标通过计算当前收盘价与期间类最高收盘价之差度量股价下跌时的波动率，在多头市场股价下跌的波动率往往是投资者更关心的。,197,1,M011007,items.ui,UI优瑟指数,M011,W,metrics.comm_idx_tech_his_a,2007-04-30
85,VIDYA钱得动量摆动平均指数是一个统计指标，使用收盘价进行计算，它的平滑参数由9个时间段钱德动量摆动指标CMO决定的指数移动平均.当市价突破 VIDYA 上轨时，可能表明上升趋势的开始；当市价突破 VIDYA 下轨时，可能表明下降趋势的开始。,198,1,M011008,items.vidya,VIDYA钱得动量摆动平均指数,M011,W,metrics.comm_idx_tech_his_a,2007-04-30
86,PFE利用数学方法来确定价格在两个点之间变动的效率，价格变动越呈现线性，效率越高，价格在两个点之间运动的距离就越短,227,0,M012001,items.pfe,PFE极化分形效率指标,M012,W,metrics.comm_idx_tech_his_a,2007-04-30
87,加权收盘价的计算是将收盘价乘以2，再加上最高价和最低价，最后除以4，结果就是赋予收盘价额外权重的加权收盘价.只显示收盘价的线条图会误导投资者，因为其忽视最高价和最低价，通过描绘每天的包含最高价、最低价和收盘价的单个点图，加权收盘价图结合了线条图的简单性和条形图的视野。,229,0,M012002,items.wc,WC加权收盘价,M012,W,metrics.comm_idx_tech_his_a,2007-04-30
88,典型价格指标只是每日价格的简单平均，提供了每日平均价格的简单的单线图。一些投资者在创造移动均线击穿系统时使用典型价格而不是收盘价，典型价格指标的计算是把最高价、最低价和收盘价三者加起来再除以3，结果是平均价格或典型价格。,228,0,M012003,items.tp,TP典型价格,M012,W,metrics.comm_idx_tech_his_a,2007-04-30
89,流通市值，即流通股票总价值，是在特定时间可交易的流通股股数与股价的乘积。流通市值=股票市价*流通股本,136,1,M004021,tfc,流通市值,M004,D,metrics.comm_idx_price_his_a,2007-04-30
90,总市值是指在某特定时间内总股本数乘以当时股价得出的股票总价值。总市值＝股价×总股本,134,1,M004023,mktc,总市值,M004,D,metrics.comm_idx_price_his_a,2007-04-30
91,0,0,0,M013001,l1wr,1周涨跌幅,M013,D,metrics.comm_idx_price_his_a,2007-04-30
92,0,0,0,M013002,l1mr,1月涨跌幅,M013,D,metrics.comm_idx_price_his_a,2007-04-30
93,0,0,0,M013003,l3mr,3月涨跌幅,M013,D,metrics.comm_idx_price_his_a,2007-04-30
94,0,0,0,M013004,ltmr,1年涨跌幅,M013,D,metrics.comm_idx_price_his_a,2007-04-30
95,0,0,0,M013005,ytdr,年初至今收益率,M013,D,metrics.comm_idx_price_his_a,2007-04-30
96,EBITDA_同比增长率，即未计利息、税项、折旧及摊销前的利润相对上年同期的增长百分比。EBITDA_同比增长率LTM=(最近12个月EBITDA-上年同期值)/上年同期绝对值；最近12个月EBITDA（反推法）=最近12个月税前利润+利息费用+报告期计提的折旧与摊销,61,1,M003002L,f13,EBITDA_同比增长率LTM,M003,Q,metrics.comm_idx_quant_his_a,2009-04-30
97,基本每股收益_同比增长率，即基本每股收益相对上年同期值的增长百分比。基本每股收益_同比增长率LTM=(最近12个月基本每股收益-上年同期值)/上年同期绝对值；最近12个月基本每股收益=最近12个月归属于普通股股东的净利润／实际发行在外普通股的加权平均数；实际发行在外普通股的加权平均数=∑(发行在外普通股股数×发行在外月份数)／12,60,1,M003004L,epsg,基本每股收益_同比增长率LTM,M003,Q,metrics.comm_idx_quant_his_a,2009-04-30
98,利润总额_同比增长率，即本期利润总额相对上年同期的增长百分比。利润总额_同比增长率LTM=(最近12个月利润总额-上年同期值)/上年同期绝对值,57,1,M003014L,f22,利润总额_同比增长率LTM,M003,Q,metrics.comm_idx_quant_his_a,2009-04-30
99,固定资产周转率，也称固定资产利用率，即公司营业总收入与平均固定资产的比值。固定资产周转率LTM=最近12个月营业总收入/平均固定资产合计LTM；平均固定资产合计LTM=（本期固定资产合计+上年同期固定资产合计）/2,150,1,M005001L,f40,固定资产周转率LTM,M005,Q,metrics.comm_idx_quant_his_a,2008-04-30
100,应收账款周转率，即一定期间内公司的赊销收入与平均应收账款的比率。应收账款周转率LTM=最近12个月营业收入/平均应收账款LTM；平均应收账款LTM=（本期应收账款+上年同期应收账款）/2,144,1,M005003L,rto,应收账款周转率LTM,M005,Q,metrics.comm_idx_quant_his_a,2008-04-30
101,总资产周转率，即一定期间内公司销售收入与平均资产的比率。总资产周转率LTM=最近12个月营业总收入/平均资产LTM；平均资产LTM=（本期资产总额+上年同期资产总额）/2,149,1,M005004L,f41,总资产周转率LTM,M005,Q,metrics.comm_idx_quant_his_a,2008-04-30
102,流动资产周转率，即一定期间内公司销售收入与平均流动资产的比率。流动资产周转率LTM=最近12个月营业总收入/平均流动资产LTM；平均流动资产LTM=（本期流动资产+上年同期流动资产）/2,147,1,M005005L,f42,流动资产周转率LTM,M005,Q,metrics.comm_idx_quant_his_a,2008-04-30
103,营运资本周转率，即公司销售收入与平均营运资本的比率。营运资本周转率LTM=最近12个月营业总收入/平均营运资本；平均营运资本LTM=平均流动资产LTM-平均流动负债LTM=（上年同期流动资产-上年同期流动负债+本期流动资产-本期流动负债）/2,146,1,M005007L,f44,营运资本周转率LTM,M005,Q,metrics.comm_idx_quant_his_a,2008-04-30
104,非流动资产周转率，即公司销售收入与平均非流动资产的比率。非流动资产周转率LTM=最近12个月营业总收入/平均非流动资产LTM；平均非流动资产LTM=（本期非流动资产+上年同期非流动资产）/2,148,1,M005008L,f45,非流动资产周转率LTM,M005,Q,metrics.comm_idx_quant_his_a,2008-04-30
105,利息保障倍数，即企业息税前利润与利息费用的比值，衡量公司偿还借款利息的能力。利息保障倍数LTM=最近12个月息税前利润（扣除非经常性损益后）/最近12个月利息支出,164,1,M006005L,f47,利息保障倍数LTM,M006,Q,metrics.comm_idx_quant_his_a,2008-04-30
106,现金流量利息保障倍数，即公司经营活动产生的现金流量净额与利息费用的比值。现金流量利息保障倍数LTM=最近12个月经营活动产生的现金流量净额/最近12个月利息支出,166,1,M006006L,f48,现金流量利息保障倍数LTM,M006,Q,metrics.comm_idx_quant_his_a,2008-04-30
107,存货周转率，即一定期间内公司主营业务成本与平均存货的比率。存货周转率LTM=最近12个月营业成本/平均存货余额LTM；平均存货余额LTM=（本期存货余额+上年同期存货余额）/2,143,1,M005002L,ito,存货周转率LTM,M005,Q,metrics.comm_idx_quant_his_a,2008-04-30
108,营业利润率，即营业利润占营业总收入的比重。营业利润率LTM=最近12个月营业利润/最近12个月营业总收入,27,1,M002005L,f2,营业利润率LTM,M002,Q,metrics.comm_idx_quant_his_a,2008-04-30
109,股利支付率，即公司分派给股东的股息占公司盈利的比重，或每股股利占每股收益的比重。股利支付率LTM=最近12个月每股股利/最近12个月每股收益；最近12个月基本每股收益=最近12个月归属于普通股股东的净利润／实际发行在外普通股的加权平均数；实际发行在外普通股的加权平均数=∑(发行在外普通股股数×发行在外月份数)／12,31,1,M002016L,f11,股利支付率LTM,M002,Q,metrics.comm_idx_quant_his_a,2008-04-30
110,营业费用率，即营业费用占营业总收入的比重。营业费用率LTM=最近12个月营业费用/最近12个月营业总收入,24,1,M002013L,f8,营业费用率LTM,M002,Q,metrics.comm_idx_quant_his_a,2008-04-30
111,财务费用率，即财务费用占营业总收入的比重。财务费用率LTM=最近12个月财务费用/最近12个月营业总收入,25,1,M002014L,f9,财务费用率LTM,M002,Q,metrics.comm_idx_quant_his_a,2008-04-30
112,销售费用率，即销售费用占营业总收入的比重。销售费用率LTM=最近12个月销售费用/最近12个月营业总收入,23,1,M002015L,f10,销售费用率LTM,M002,Q,metrics.comm_idx_quant_his_a,2008-04-30
113,研发费用率，即研发费用占营业总收入的比重。研发费用率LTM=最近12个月研发费用/最近12个月营业总收入,26,1,M002018L,f62,研发费用率LTM,M002,Q,metrics.comm_idx_quant_his_a,2008-04-30
114,销售现金比率，即经营活动产生的现金流量净额占营业收入的百分比。销售现金比率LTM＝最近12个月经营活动产生的现金流量净额/最近12个月营业收入,33,1,M002008L,f3,销售现金比率LTM,M002,Q,metrics.comm_idx_quant_his_a,2008-04-30
115,净利润_同比增长率，即本期净利润相对上年同期的增长百分比。净利润_同比增长率LTM=(最近12个月净利润-上年同期值)/上年同期绝对值,58,1,M003001L,f12,净利润_同比增长率LTM,M003,Q,metrics.comm_idx_quant_his_a,2009-04-30
116,毛利率_同比增长率，即本期毛利率相对上年同期的增长百分比。毛利率_同比增长率LTM=(最近12个月毛利率-上年同期值)/上年同期绝对值,62,1,M003007L,f17,毛利率_同比增长率LTM,M003,Q,metrics.comm_idx_quant_his_a,2009-04-30
117,净利率_同比增长率，即本期净利率相对上年同期的增长百分比。净利率_同比增长率LTM=(最近12个月净利率-上年同期值)/上年同期绝对值,63,1,M003008L,f18,净利率_同比增长率LTM,M003,Q,metrics.comm_idx_quant_his_a,2009-04-30
118,营业利润_同比增长率，即本期营业利润相对上年同期的增长百分比。营业利润__同比增长率LTM=(最近12个月营业利润-上年同期值)/上年同期绝对值,56,1,M003011L,f20,营业利润_同比增长率LTM,M003,Q,metrics.comm_idx_quant_his_a,2009-04-30
119,毛利率，即销售毛利率，等于毛利润与营业总收入的比值。毛利率LTM=最近12个月毛利润/最近12个月营业总收入,21,1,M002003L,gpm,毛利率LTM,M002,Q,metrics.comm_idx_quant_his_a,2008-04-30
120,净利率，即销售净利率，等于净利润与营业总收入的比值。净利率LTM=最近12个月净利润/最近12个月营业总收入,22,1,M002006L,npm,净利率LTM,M002,Q,metrics.comm_idx_quant_his_a,2008-04-30
121,息税前利润率，即息税前利润占营业总收入的比重。息税前利润率LTM=最近12个月息税前利润（扣除非经常性损益）/最近12个月营业总收入；最近12个月扣除非经常性损益后EBIT（反推法）=最近12个月税前利润（扣除非经常损益）+利息费用,28,1,M002004L,f1,息税前利润率LTM,M002,Q,metrics.comm_idx_quant_his_a,2008-04-30
122,净资产收益率_平均，也称权益净利率，即公司净利润占平均净资产的比重。净资产收益率_平均LTM=最近12个月净利润/平均净资产总额LTM；平均净资产总额LTM=（本期股东权益合计+上年同期股东权益合计）/2,30,1,M002001L,roae,净资产收益率_平均LTM,M002,Q,metrics.comm_idx_quant_his_a,2008-04-30
123,总资产净利率_平均，即公司净利润占平均总资产的比重。总资产净利率_平均LTM=最近12个月净利润/平均资产总额LTM；平均资产总额LTM=（本期资产总额+上年同期资产总额）/2,29,1,M002002L,roaa,总资产净利率_平均LTM,M002,Q,metrics.comm_idx_quant_his_a,2008-04-30
124,经营现金流量净额占比，即经营活动产生的现金流净额占总现金流净额的比重。经营现金流量净额占比LTM=最近12个月经营活动产生的现金流量净额/（最近12个月经营活动产生的现金流量净额+最近12个月投资活动产生的现金流量净额+最近12个月筹资活动产生的现金流量净额）,34,1,M002010L,f5,经营现金流量净额占比LTM,M002,Q,metrics.comm_idx_quant_his_a,2008-04-30
125,投资现金流量净额占比，即投资活动产生的现金流净额占总现金流净额的比重。投资现金流量净额占比LTM=最近12个月投资活动产生的现金流量净额/（最近12个月经营活动产生的现金流量净额+最近12个月投资活动产生的现金流量净额+最近12个月筹资活动产生的现金流量净额）,35,1,M002011L,f6,投资现金流量净额占比LTM,M002,Q,metrics.comm_idx_quant_his_a,2008-04-30
126,筹资现金流量净额占比，即筹资活动产生的现金流净额占总现金流净额的比重。最近12个月筹资现金流量净额占比LTM=最近12个月筹资活动产生的现金流量净额/（最近12个月经营活动产生的现金流量净额+最近12个月投资活动产生的现金流量净额+最近12个月筹资活动产生的现金流量净额）,36,1,M002012L,f7,筹资现金流量净额占比LTM,M002,Q,metrics.comm_idx_quant_his_a,2008-04-30
127,盈利现金比率，即经营活动产生的现金流量净额/净利润。盈利现金比率LTM＝最近12个月经营活动产生的现金流量净额/最近12个月净利润,32,1,M002009L,f4,盈利现金比率LTM,M002,Q,metrics.comm_idx_quant_his_a,2008-04-30
128,经营现金流量净额_同比增长率，即本期经营活动产生的现金流量净额相对上年同期的增长百分比。经营现金流量净额_同比增长率LTM=(最近12个月经营现金流量净额-上年同期值)/上年同期绝对值,67,1,M003012L,opcfg,经营现金流量净额_同比增长率LTM,M003,Q,metrics.comm_idx_quant_his_a,2009-04-30
129,归属母公司净利润_同比增长率，即本期归属母公司净利润相对上年同期的增长百分比。归属母公司净利润_同比增长率LTM=(最近12个月归属母公司净利润本期值-上年同期值)/上年同期绝对值,59,1,M003013L,patmig,归属母公司净利润_同比增长率LTM,M003,Q,metrics.comm_idx_quant_his_a,2009-04-30
130,净利润_3年复合增长率，即当期净利润相对于3年前同期值的复合年增长百分比。净利润_3年复合增长率LTM=（（最近12个月净利润-3年前同期值）/3年前同期绝对值+1）^(1/3)-1,72,1,M003020L,f28,净利润_3年复合增长率LTM,M003,Q,metrics.comm_idx_quant_his_a,2011-04-30
131,营业利润_3年复合增长率，即当期营业利润相对于3年前同期值的复合年增长百分比。营业利润_3年复合增长率LTM=（（最近12个月营业利润-3年前同期值）/3年前同期绝对值+1）^(1/3)-1,70,1,M003022L,f30,营业利润_3年复合增长率LTM,M003,Q,metrics.comm_idx_quant_his_a,2011-04-30
132,每股收益_3年复合增长率，即当期每股收益相对于3年前同期值的复合年增长百分比。每股收益_3年复合增长率LTM=（（最近12个月每股收益-3年前同期值）/3年前同期绝对值+1）^(1/3)-1；最近12个月基本每股收益=最近12个月归属于普通股股东的净利润／实际发行在外普通股的加权平均数；实际发行在外普通股的加权平均数=∑(发行在外普通股股数×发行在外月份数)／12,74,1,M003023L,f31,基本每股收益_3年复合增长率LTM,M003,Q,metrics.comm_idx_quant_his_a,2011-04-30
133,营业利润率_3年复合增长率，即当期营业利润率相对于3年前同期值的复合年增长百分比。营业利润率_3年复合增长率LTM=（（最近12个月营业利润率-3年前同期值）/3年前同期绝对值+1）^(1/3)-1；最近12个月营业利润率=最近12个月毛利润/最近12个月营业收入,78,1,M003025L,f33,营业利润率_3年复合增长率LTM,M003,Q,metrics.comm_idx_quant_his_a,2011-04-30
134,营业总收入_3年复合增长率，即当期营业总收入相对于3年前同期值的复合年增长百分比。营业总收入_3年复合增长率LTM=（最近12个月营业总收入/3年前同期值）^(1/3)-1,68,1,M003018L,f26,营业总收入_3年复合增长率LTM,M003,Q,metrics.comm_idx_quant_his_a,2011-04-30
135,营业总成本_3年复合增长率，即当期营业总成本相对于3年前同期值的复合年增长百分比。营业总成本_3年复合增长率LTM=（最近12个月营业总成本/3年前同期绝对值）^(1/3)-1,69,1,M003019L,f27,营业总成本_3年复合增长率LTM,M003,Q,metrics.comm_idx_quant_his_a,2011-04-30
136,净资产收益率（平均）_3年复合增长率，即当期净资产收益率相对于3年前同期值的复合年增长百分比。净资产收益率（平均）_3年复合增长率LTM=（（最近12个月平均净资产收益率-3年前同期值）/3年前同期绝对值+1）^(1/3)-1；净资产收益率_平均LTM=最近12个月净利润/平均净资产总额LTM；平均净资产总额LTM=（本期股东权益合计+上年同期股东权益合计）/2,80,1,M003026L,f34,净资产收益率（平均）_3年复合增长率LTM,M003,Q,metrics.comm_idx_quant_his_a,2011-04-30
137,归属母公司净利润_3年复合增长率，即当期归属母公司净利润相对于3年前同期值的复合年增长百分比。归属母公司净利润_3年复合增长率LTM=（（最近12个月归属母公司净利润-3年前同期值）/3年前同期绝对值+1）^(1/3)-1,73,1,M003021L,f29,归属母公司净利润_3年复合增长率LTM,M003,Q,metrics.comm_idx_quant_his_a,2011-04-30
138,经营现金流量净额_3年复合增长率，即当期经营现金流量净额相对于3年前同期值的复合年增长百分比。经营现金流量净额_3年复合增长率LTM=（（最近12个月经营现金流量净额-3年前同期值）/3年前同期绝对值+1）^(1/3)-1,81,1,M003024L,f32,经营现金流量净额_3年复合增长率LTM,M003,Q,metrics.comm_idx_quant_his_a,2011-04-30
139,净资产收益率（平均）_同比增长率，即本期净资产收益率相对上年同期的增长百分比。净资产收益率（平均）_同比增长率LTM=(最近12个月净资产收益率-上年同期值)/上年同期绝对值；净资产收益率_平均LTM=最近12个月净利润/平均净资产总额LTM；平均净资产总额LTM=（本期股东权益合计+上年同期股东权益合计）/2,66,1,M003005L,f15,净资产收益率（平均）_同比增长率LTM,M003,Q,metrics.comm_idx_quant_his_a,2009-04-30
140,总资产净利率（平均）_同比增长率，即本期总资产净利率相对上年同期的增长百分比。总资产净利率（平均）_同比增长率LTM=(最近12个月总资产净利率-上年同期值)/上年同期绝对值；总资产净利率_平均=最近12个月净利润/平均资产总额LTM；平均资产总额LTM=（本期资产总额+上年同期资产总额）/2,65,1,M003006L,f16,总资产净利率（平均）_同比增长率LTM,M003,Q,metrics.comm_idx_quant_his_a,2009-04-30
141,应付账款周转率，即应付账款的周转次数，用来反映企业应付账款的流动性和流动负债偿付能力。应付账款周转率LTM=最近12个月主营业务成本/平均应付账款LTM；平均应付账款LTM=（本期应付账款+上年同期应付账款）/2,145,1,M005009L,pto,应付账款周转率LTM,M005,Q,metrics.comm_idx_quant_his_a,2008-04-30
142,营业总收入_同比增长率，即本期营业总收入相对上年同期值的增长百分比。营业总收入_同比增长率LTM=（最近12个月营业总收入本期值-上年同期值）/上年同期值,54,1,M003028L,revg,营业总收入_同比增长率LTM,M003,Q,metrics.comm_idx_quant_his_a,2009-04-30
143,营业总成本_同比增长率，即本期营业总成本相对上年同期的增长百分比。营业总成本_同比增长率LTM=(最近12个月营业总成本-上年同期值)/上年同期值,55,1,M003029L,f50,营业总成本_同比增长率LTM,M003,Q,metrics.comm_idx_quant_his_a,2009-04-30
144,EBITDA_3年复合增长率，即当期EBITDA相对于3年前同期值的复合年增长百分比。EBITDA_3年复合增长率LTM=（（最近12个月EBITDA-3年前同期值）/3年前同期绝对值+1）^(1/3)-1；最近12个月扣除非经常性损益后EBITDA（反推法）=最近12个月税前利润（扣除非经常损益）+利息费用+报告期计提的折旧与摊销,75,1,M003031L,f52,EBITDA_3年复合增长率LTM,M003,Q,metrics.comm_idx_quant_his_a,2011-04-30
145,毛利率_3年复合增长率，即当期毛利率相对于3年前同期值的复合年增长百分比。毛利率_3年复合增长率LTM=（（最近12个月毛利率-3年前同期值）/3年前同期绝对值+1）^(1/3)-1,76,1,M003032L,f53,毛利率_3年复合增长率LTM,M003,Q,metrics.comm_idx_quant_his_a,2011-04-30
146,净利率_3年复合增长率，即当期净利率相对于3年前同期值的复合年增长百分比。净利率_3年复合增长率LTM=（（最近12个月净利率-3年前同期值）/3年前同期绝对值+1）^(1/3)-1,77,1,M003033L,f54,净利率_3年复合增长率LTM,M003,Q,metrics.comm_idx_quant_his_a,2011-04-30
147,营业利润率_同比增长率，即本期营业利润率相对上年同期的增长百分比。营业利润率_同比增长率LTM=(最近12个月营业利润率-上年同期值)/上年同期绝对值,64,1,M003034L,f55,营业利润率_同比增长率LTM,M003,Q,metrics.comm_idx_quant_his_a,2009-04-30
148,利润总额_3年复合增长率，即当期利润总额相对于3年前同期值的复合年增长百分比。利润总额_3年复合增长率LTM=（（最近12个月利润总额-3年前同期值）/3年前同期绝对值+1）^(1/3)-1,71,1,M003030L,f51,利润总额_3年复合增长率LTM,M003,Q,metrics.comm_idx_quant_his_a,2011-04-30
149,总资产净利率（平均）_3年复合增长率，即当期总资产净利率相对于3年前同期值的复合年增长百分比。总资产净利率（平均）_3年复合增长率LTM=（（最近12个月总资产净利率-3年前同期值）/3年前同期绝对值+1）^(1/3)-1；总资产净利率_平均=最近12个月净利润/平均资产总额LTM；平均资产总额LTM=（本期资产总额+上年同期资产总额）/2,79,1,M003040L,f61,总资产净利率（平均）_3年复合增长率LTM,M003,Q,metrics.comm_idx_quant_his_a,2011-04-30
150,机构持股比例，即除自然人、高管外的机构持股数占总股数的比例。机构持股比例=机构持股数量/总股本,141,1,M004019Y,p29,机构持股比例,M004,Q,metrics.comm_idx_quant_ytd_his_a,2007-04-30
151,EBITDA_同比增长率，即息税折旧摊销前利润相对上年同期的增长百分比。EBITDA_同比增长率YTD=(最近报告期EBITDA-上年同期值)/上年同期绝对值；最近报告期EBITDA（反推法）=年初至最近报告期税前利润+利息费用+报告期计提的折旧与摊销,89,1,M003002Y,f13,EBITDA_同比增长率YTD,M003,Q,metrics.comm_idx_quant_ytd_his_a,2008-04-30
152,基本每股收益_同比增长率，即基本每股收益相对上年同期值的增长百分比。基本每股收益_同比增长率YTD=(最近报告期基本每股收益-上年同期值)/上年同期绝对值；最近报告期基本每股收益=最近报告期归属于普通股股东的净利润／实际发行在外普通股的加权平均数；实际发行在外普通股的加权平均数=∑(发行在外普通股股数×发行在外月份数)／12,88,1,M003004Y,epsg,每股收益_同比增长率YTD,M003,Q,metrics.comm_idx_quant_ytd_his_a,2008-04-30
153,利润总额_同比增长率，即本期利润总额相对上年同期的增长百分比。利润总额_同比增长率YTD=(最近报告期利润总额-上年同期值)/上年同期绝对值,85,1,M003014Y,f22,利润总额_同比增长率YTD,M003,Q,metrics.comm_idx_quant_ytd_his_a,2008-04-30
154,总资产_相对年初增长率，即本期末总资产额相对年初值的增长百分比。总资产_相对年初增长率=（最近报告期总资产-年初总资产）/年初总资产,102,1,M003016Y,f24,总资产_相对年初增长率,M003,Q,metrics.comm_idx_quant_ytd_his_a,2008-04-30
155,股权集中度_流通，即前三大流通股股东持股比重。股权集中度_流通=前三大流通股东持股数/流通股股数,140,1,M004009Y,p26,股权集中度_流通,M004,Q,metrics.comm_idx_quant_ytd_his_a,2007-04-30
156,资本固定化率，即固定化资产占公司所有者权益的比例，衡量公司自有资本的固定化程度。资本固定化率=最近报告期非流动资产额/平均股东权益合计YTD；平均股东权益合计YTD=（年初股东权益合计+最近报告期股东权益合计）/2,130,1,M004016Y,f39,资本固定化率YTD,M004,Q,metrics.comm_idx_quant_ytd_his_a,2008-04-30
157,固定资产周转率，也称固定资产利用率，即公司营业总收入与平均固定资产的比值。固定资产周转率YTD=最近报告期营业总收入/平均固定资产合计YTD×年化调整系数；平均固定资产合计YTD=（年初固定资产+最近报告期固定资产）/2,158,1,M005001Y,f40,固定资产周转率YTD,M005,Q,metrics.comm_idx_quant_ytd_his_a,2008-04-30
158,应收账款周转率，即一定期间内公司的赊销收入与平均应收账款的比率。应收账款周转率YTD=最近报告期营业收入/平均应收账款YTD×年化调整系数；平均应收账款YTD=（年初应收账款+最近报告期应收账款）/2,152,1,M005003Y,rto,应收账款周转率YTD,M005,Q,metrics.comm_idx_quant_ytd_his_a,2008-04-30
159,总资产周转率，即一定期间内公司销售收入与平均资产的比率。总资产周转率YTD=最近报告期营业总收入/平均资产总额YTD×年化调整系数；平均资产总额YTD=（年初资产总额+最近报告期资产总额）/2,157,1,M005004Y,f41,总资产周转率YTD,M005,Q,metrics.comm_idx_quant_ytd_his_a,2008-04-30
160,流动资产周转率，即一定期间内公司销售收入与平均流动资产的比率。流动资产周转率YTD=最近报告期营业总收入/平均流动资产YTD×年化调整系数；平均流动资产YTD=（年初流动资产+最近报告期流动资产）/2,155,1,M005005Y,f42,流动资产周转率YTD,M005,Q,metrics.comm_idx_quant_ytd_his_a,2008-04-30
161,长期债务与营运资本比率，即公司长期债务与营运资本的比率。长期债务与营运资本比率=最近报告期非流动负债合计/(最近报告期流动资产合计-最近报告期流动负债合计),159,1,M005006Y,f43,长期债务与营运资本比率YTD,M005,Q,metrics.comm_idx_quant_ytd_his_a,2007-04-30
162,营运资本周转率，即公司销售收入与平均营运资本的比率。营运资本周转率YTD=最近报告期营业总收入/平均营运资本YTD×年化调整系数；平均营运资本YTD=平均流动资产YTD-平均流动负债YTD=（年初流动资产-年初流动负债+最近报告期流动资产-最近报告期流动负债）/2,154,1,M005007Y,f44,营运资本周转率YTD,M005,Q,metrics.comm_idx_quant_ytd_his_a,2008-04-30
163,非流动资产周转率，即公司销售收入与平均非流动资产的比率。非流动资产周转率YTD=最近报告期营业总收入/平均非流动资产YTD×年化调整系数；平均非流动资产YTD=（年初非流动资产+最近报告期非流动资产）/2,156,1,M005008Y,f45,非流动资产周转率YTD,M005,Q,metrics.comm_idx_quant_ytd_his_a,2008-04-30
164,利息保障倍数，即企业息税前利润与利息费用的比值，衡量公司偿还借款利息的能力。利息保障倍数YTD=最近报告期息税前利润（扣除非经常性损益后）/最近报告期利息支出,165,1,M006005Y,f47,利息保障倍数YTD,M006,Q,metrics.comm_idx_quant_ytd_his_a,2007-04-30
165,现金流量利息保障倍数，即公司经营活动产生的现金流量净额与利息费用的比值。现金流量利息保障倍数YTD=最近报告期经营活动产生的现金流量净额/最近报告期利息支出,167,1,M006006Y,f48,现金流量利息保障倍数YTD,M006,Q,metrics.comm_idx_quant_ytd_his_a,2007-04-30
166,存货周转率，即一定期间内公司主营业务成本与平均存货的比率。存货周转率YTD=最近报告期营业成本/平均存货余额YTD×年化调整系数；平均存货余额YTD=（年初存货余额+最近报告期存货余额）/2,151,1,M005002Y,ito,存货周转率YTD,M005,Q,metrics.comm_idx_quant_ytd_his_a,2008-04-30
167,营业利润率，即营业利润占营业总收入的比重。营业利润率YTD=最近报告期营业利润/最近报告期营业总收入,44,1,M002005Y,f2,营业利润率YTD,M002,Q,metrics.comm_idx_quant_ytd_his_a,2007-04-30
168,股利支付率，即公司分派给股东的股息占公司盈利的比重，或每股股息占每股收益的比重。股利支付率YTD=每股股息/每股收益；最近报告期基本每股收益=最近报告期归属于普通股股东的净利润／实际发行在外普通股的加权平均数；实际发行在外普通股的加权平均数=∑(发行在外普通股股数×发行在外月份数)／12,48,1,M002016Y,f11,股利支付率YTD,M002,Q,metrics.comm_idx_quant_ytd_his_a,2007-04-30
169,营业费用率，即营业费用占营业总收入的比重。营业费用率YTD=最近报告期营业费用/最近报告期营业总收入,41,1,M002013Y,f8,营业费用率YTD,M002,Q,metrics.comm_idx_quant_ytd_his_a,2007-04-30
170,财务费用率，即财务费用占营业总收入的比重。财务费用率YTD=最近报告期财务费用/最近报告期营业总收入,42,1,M002014Y,f9,财务费用率YTD,M002,Q,metrics.comm_idx_quant_ytd_his_a,2007-04-30
171,销售费用率，即销售费用占营业总收入的比重。销售费用率YTD=最近报告期销售费用/最近报告期营业总收入,40,1,M002015Y,f10,销售费用率YTD,M002,Q,metrics.comm_idx_quant_ytd_his_a,2007-04-30
172,流动负债率，即流动负债占总负债的比例，衡量公司的短期负债水平。流动负债率=最近报告期流动负债/最近报告期总负债,126,1,M004013Y,f37,流动负债率,M004,Q,metrics.comm_idx_quant_ytd_his_a,2007-04-30
173,股权集中度，即前三大股东持股比重。股权集中度=前三大股东持股数/总股数,139,1,M004008Y,p25,股权集中度,M004,Q,metrics.comm_idx_quant_ytd_his_a,2007-04-30
174,户均持股比例，即股东的平均持股数占总股本的比例。户均持股比例=(股本/股东户数)/股本=1/股东户数,142,1,M004017Y,p27,户均持股比例,M004,Q,metrics.comm_idx_quant_ytd_his_a,2007-04-30
175,长期负债比率，也称资本化比率，即公司长期负债与资产总额的比值。长期负债比率=最近报告期非流动负债/最近报告期资产总额,127,1,M004012Y,f36,长期负债比率,M004,Q,metrics.comm_idx_quant_ytd_his_a,2007-04-30
176,固定资产比例，即固定资产占总资产的比重，衡量公司的资金运用效率。固定资产比例=最近报告期固定资产/最近报告期总资产,128,1,M004014Y,f38,固定资产比例,M004,Q,metrics.comm_idx_quant_ytd_his_a,2007-04-30
177,研发费用率，即研发费用占营业总收入的比重。研发费用率YTD=最近报告期研发费用/最近报告期营业总收入,43,1,M002018Y,f62,研发费用率YTD,M002,Q,metrics.comm_idx_quant_ytd_his_a,2007-04-30
178,销售现金比率，即经营活动产生的现金流量净额占营业收入的百分比。销售现金比率YTD＝最近报告期经营活动产生的现金流量净额/最近报告期营业收入,50,1,M002008Y,f3,销售现金比率YTD,M002,Q,metrics.comm_idx_quant_ytd_his_a,2007-04-30
179,净利润_同比增长率，即本期净利润相对上年同期的增长百分比。净利润_同比增长率YTD=(最近报告期净利润-上年同期值)/上年同期绝对值,86,1,M003001Y,f12,净利润_同比增长率YTD,M003,Q,metrics.comm_idx_quant_ytd_his_a,2008-04-30
180,每股净资产_增长率，即本期每股净资产相对上年同期的增长百分比。每股净资产_同比增长率=(最近报告期每股净资产-上年同期值)/上年同期值；最近报告期每股净资产=最近报告期归属母公司股东的权益／总股本,101,1,M003003Y,f14,每股净资产_同比增长率,M003,Q,metrics.comm_idx_quant_ytd_his_a,2008-04-30
181,毛利率_同比增长率，即本期毛利率相对上年同期的增长百分比。毛利率_同比增长率YTD=(最近报告期毛利率-上年同期值)/上年同期绝对值,90,1,M003007Y,f17,毛利率_同比增长率YTD,M003,Q,metrics.comm_idx_quant_ytd_his_a,2008-04-30
182,净利率_同比增长率，即本期净利率相对上年同期的增长百分比。净利率_同比增长率YTD=(最近报告期净利率-上年同期值)/上年同期绝对值,91,1,M003008Y,f18,净利率_同比增长率YTD,M003,Q,metrics.comm_idx_quant_ytd_his_a,2008-04-30
183,总负债_同比增长率，即总负债相对上年同期的增长百分比。总负债_同比增长率YTD=(最近报告期总负债-上年同期值)/上年同期值,98,1,M003009Y,f19,总负债_同比增长率,M003,Q,metrics.comm_idx_quant_ytd_his_a,2008-04-30
184,营业利润_同比增长率，即本期营业利润相对上年同期的增长百分比。营业利润__同比增长率YTD=(最近报告期营业利润-上年同期值)/上年同期绝对值,84,1,M003011Y,f20,营业利润_同比增长率YTD,M003,Q,metrics.comm_idx_quant_ytd_his_a,2008-04-30
185,流动比率，也称营运资本比率，即公司流动资产与流动负债的比率。流动比率=最近报告期流动资产合计/最近报告期流动负债合计=（货币资金+交易性金融资产+应收账款及票据+存货)/流动负债,160,1,M006001Y,cur,流动比率YTD,M006,Q,metrics.comm_idx_quant_ytd_his_a,2007-04-30
186,现金比率，即公司现金及现金等价物总和与流动负债的比率。现金比率=(最近报告期货币资金+交易性金融资产)/最近报告期流动负债,161,1,M006002Y,csr,现金比率YTD,M006,Q,metrics.comm_idx_quant_ytd_his_a,2007-04-30
187,速动比率，即公司速动资产与流动负债的比率。速动比率=(最近报告期流动资产-最近报告期存货)/最近报告期流动负债,162,1,M006003Y,qr,速动比率YTD,M006,Q,metrics.comm_idx_quant_ytd_his_a,2007-04-30
188,毛利率，即销售毛利率，等于毛利润与营业总收入的比值。毛利率YTD=最近报告期毛利润/最近报告期营业总收入,38,1,M002003Y,gpm,毛利率YTD,M002,Q,metrics.comm_idx_quant_ytd_his_a,2007-04-30
189,净利率，即销售净利率，等于净利润与营业总收入的比值。净利率YTD=最近报告期净利润/最近报告期营业总收入,39,1,M002006Y,npm,净利率YTD,M002,Q,metrics.comm_idx_quant_ytd_his_a,2007-04-30
190,息税前利润率，即息税前利润占营业总收入的比重。息税前利润率YTD=最近报告期息税前利润（扣除非经常性损益）/最近报告期营业总收入；最近报告期扣除非经常性损益后EBIT（反推法）=最近报告期税前利润（扣除非经常损益）+利息费用,45,1,M002004Y,f1,息税前利润率YTD,M002,Q,metrics.comm_idx_quant_ytd_his_a,2007-04-30
191,净资产收益率_平均，也称权益净利率，即公司净利润占平均净资产的比重。净资产收益率_平均YTD=最近报告期净利润/平均净资产YTD×年化调整系数；平均净资产YTD=（年初股东权益合计+最近报告期股东权益合计）/2,47,1,M002001Y,roae,净资产收益率_平均YTD,M002,Q,metrics.comm_idx_quant_ytd_his_a,2008-04-30
192,总资产净利率_平均，即公司净利润占平均总资产的比重。总资产净利率_平均YTD=最近12月净利润/平均总资产YTD×年化调整系数；平均总资产YTD=（年初总资产+最近报告期总资产）/2,46,1,M002002Y,roaa,总资产净利率_平均YTD,M002,Q,metrics.comm_idx_quant_ytd_his_a,2008-04-30
193,经营现金流量净额占比，即经营活动产生的现金流净额占总现金流净额的比重。经营现金流量净额占比YTD=最近报告期经营活动产生的现金流量净额/（最近报告期经营活动产生的现金流量净额+最近报告期投资活动产生的现金流量净额+最近报告期筹资活动产生的现金流量净额）,51,1,M002010Y,f5,经营现金流量净额占比YTD,M002,Q,metrics.comm_idx_quant_ytd_his_a,2007-04-30
194,投资现金流量净额占比，即投资活动产生的现金流净额占总现金流净额的比重。投资现金流量净额占比YTD=最近报告期投资活动产生的现金流量净额/（最近报告期经营活动产生的现金流量净额+最近报告期投资活动产生的现金流量净额+最近报告期筹资活动产生的现金流量净额）,52,1,M002011Y,f6,投资现金流量净额占比YTD,M002,Q,metrics.comm_idx_quant_ytd_his_a,2007-04-30
195,筹资现金流量净额占比，即筹资活动产生的现金流净额占总现金流净额的比重。筹资现金流量净额占比YTD=最近报告期筹资活动产生的现金流量净额/（最近报告期经营活动产生的现金流量净额+最近报告期投资活动产生的现金流量净额+最近报告期筹资活动产生的现金流量净额）,53,1,M002012Y,f7,筹资现金流量净额占比YTD,M002,Q,metrics.comm_idx_quant_ytd_his_a,2007-04-30
196,盈利现金比率，即经营活动产生的现金流量净额/净利润。盈利现金比率YTD＝最近报告期经营活动产生的现金流量净额/最近报告期净利润,49,1,M002009Y,f4,盈利现金比率YTD,M002,Q,metrics.comm_idx_quant_ytd_his_a,2007-04-30
197,权益乘数，也称股本乘数，即公司资产总额与股东权益的比值。权益乘数=最近报告期资产总额/最近报告期股东权益合计=1/（1-资产负债率）,123,1,M004011Y,f35,权益乘数,M004,Q,metrics.comm_idx_quant_ytd_his_a,2007-04-30
198,资产负债率，即公司负债总额与资产总额的比率。资产负债率=最近报告期总负债/最近报告期总资产,122,1,M004010Y,lda,资产负债率,M004,Q,metrics.comm_idx_quant_ytd_his_a,2007-04-30
199,负债权益比，也称产权比率，即公司负债总额与所有者权益的比值。负债权益比=最近报告期负债合计/最近报告期股东权益合计,124,1,M004015Y,lde,负债权益比,M004,Q,metrics.comm_idx_quant_ytd_his_a,2007-04-30
200,经营现金流量净额_同比增长率，即本期经营活动产生的现金流量净额相对上年同期的增长百分比。经营现金流量净额_同比增长率YTD=(最近报告期经营现金流量净额-上年同期值)/上年同期绝对值,95,1,M003012Y,opcfg,经营现金流量净额_同比增长率YTD,M003,Q,metrics.comm_idx_quant_ytd_his_a,2008-04-30
201,归属母公司净利润_同比增长率，即本期归属母公司净利润相对上年同期的增长百分比。归属母公司净利润_同比增长率YTD=(最近报告期归属母公司净利润-上年同期值)/上年同期绝对值,87,1,M003013Y,patmig,归属母公司净利润_同比增长率YTD,M003,Q,metrics.comm_idx_quant_ytd_his_a,2008-04-30
202,归属母公司股东权益_同比增长率，即本期归属母公司股东权益相对上年同期的增长百分比。归属母公司股东权益__同比增长率=(最近报告期归属母公司股东权益-上年同期值)/上年同期值,100,1,M003010Y,eamig,归属母公司股东权益_同比增长率,M003,Q,metrics.comm_idx_quant_ytd_his_a,2008-04-30
203,每股净资产_相对年初增长率，即本期期末每股净资产额相对年初值的增长百分比。每股净资产_相对年初增长率=（最近报告期每股净资产-年初值）/年初值；最近报告期每股净资产=最近报告期归属母公司股东的权益／总股本,107,1,M003015Y,f23,每股净资产_相对年初增长率,M003,Q,metrics.comm_idx_quant_ytd_his_a,2008-04-30
204,归属母公司股东权益_相对年初增长率，即本期期末归属母公司股东权益值相对年初值的增长百分比。归属母公司股东权益_相对年初增长率=（最近报告期归属母公司股东权益-年初值）/年初值,106,1,M003017Y,f25,归属母公司股东权益_相对年初增长率,M003,Q,metrics.comm_idx_quant_ytd_his_a,2008-04-30
205,净利润_3年复合增长率，即当期净利润相对于3年前同期值的复合年增长百分比。净利润_3年复合增长率YTD=（（最近报告期净利润-3年前同期值）/3年前同期绝对值+1）^(1/3)-1,112,1,M003020Y,f28,净利润_3年复合增长率YTD,M003,Q,metrics.comm_idx_quant_ytd_his_a,2010-04-30
206,营业利润_3年复合增长率，即当期营业利润相对于3年前同期值的复合年增长百分比。营业利润_3年复合增长率YTD=（（最近报告期营业利润-3年前同期值）/3年前同期绝对值+1）^(1/3)-1,110,1,M003022Y,f30,营业利润_3年复合增长率YTD,M003,Q,metrics.comm_idx_quant_ytd_his_a,2010-04-30
207,每股收益_3年复合增长率，即当期每股收益相对于3年前同期值的复合年增长百分比。每股收益_3年复合增长率YTD=（（最近报告期每股收益-3年前同期值）/3年前同期绝对值+1）^(1/3)-1；最近报告期基本每股收益=最近报告期归属于普通股股东的净利润／实际发行在外普通股的加权平均数；实际发行在外普通股的加权平均数=∑(发行在外普通股股数×发行在外月份数)／12,114,1,M003023Y,f31,每股收益_3年复合增长率YTD,M003,Q,metrics.comm_idx_quant_ytd_his_a,2010-04-30
208,营业利润率_3年复合增长率，即当期营业利润率相对于3年前同期值的复合年增长百分比。营业利润率_3年复合增长率YTD=（（最近报告期营业利润率-3年前同期值）/3年前同期绝对值+1）^(1/3)-1；最近报告期营业利润率=最近报告期毛利润/最近报告期营业收入,118,1,M003025Y,f33,营业利润率_3年复合增长率YTD,M003,Q,metrics.comm_idx_quant_ytd_his_a,2010-04-30
209,营业总收入_3年复合增长率，即当期营业总收入相对于3年前同期值的复合年增长百分比。营业总收入_3年复合增长率YTD=（最近报告期营业总收入/3年前同期值）^(1/3)-1,108,1,M003018Y,f26,营业总收入_3年复合增长率YTD,M003,Q,metrics.comm_idx_quant_ytd_his_a,2010-04-30
210,营业总成本_3年复合增长率，即当期营业总成本相对于3年前同期值的复合年增长百分比。营业总成本_3年复合增长率YTD=（最近报告期营业总成本/3年前同期绝对值）^(1/3)-1,109,1,M003019Y,f27,营业总成本_3年复合增长率YTD,M003,Q,metrics.comm_idx_quant_ytd_his_a,2010-04-30
211,净资产收益率（平均）_3年复合增长率，即当期净资产收益率相对于3年前同期值的复合年增长百分比。净资产收益率（平均）_3年复合增长率YTD=（（最近报告期净资产收益率-3年前同期值）/3年前同期绝对值+1）^(1/3)-1；净资产收益率_平均YTD=最近报告期净利润/平均净资产YTD；平均净资产YTD=（年初股东权益合计+最近报告期股东权益合计）/2,120,1,M003026Y,f34,净资产收益率（平均）_3年复合增长率YTD,M003,Q,metrics.comm_idx_quant_ytd_his_a,2011-04-30
212,归属母公司净利润_3年复合增长率，即当期归属母公司净利润相对于3年前同期值的复合年增长百分比。归属母公司净利润_3年复合增长率YTD=（（最近报告期归属母公司净利润-3年前同期值）/3年前同期绝对值+1）^(1/3)-1,113,1,M003021Y,f29,归属母公司净利润_3年复合增长率YTD,M003,Q,metrics.comm_idx_quant_ytd_his_a,2010-04-30
213,经营现金流量净额_3年复合增长率，即当期经营现金流量净额相对于3年前同期值的复合年增长百分比。经营现金流量净额_3年复合增长率YTD=（（最近报告期经营现金流量净额-3年前同期值）/3年前同期绝对值+1）^(1/3)-1,121,1,M003024Y,f32,经营现金流量净额_3年复合增长率YTD,M003,Q,metrics.comm_idx_quant_ytd_his_a,2010-04-30
214,保守速动比率，即货币资金、交易性金融资产及应收账款与票据总额与流动负债的比率。保守速动比率=（最近报告期货币资金+交易性金融资产+应收账款及票据)/最近报告期流动负债,163,1,M006004Y,f46,保守速动比率YTD,M006,Q,metrics.comm_idx_quant_ytd_his_a,2007-04-30
215,净资产收益率（平均）_同比增长率，即本期净资产收益率相对上年同期的增长百分比。净资产收益率（平均）_同比增长率YTD=(最近报告期净资产收益率-上年同期值)/上年同期绝对值；净资产收益率_平均YTD=最近报告期净利润/平均净资产YTD；平均净资产YTD=（年初股东权益合计+最近报告期股东权益合计）/2,94,1,M003005Y,f15,净资产收益率（平均）_同比增长率YTD,M003,Q,metrics.comm_idx_quant_ytd_his_a,2009-04-30
216,总资产净利率（平均）_同比增长率，即本期总资产净利率相对上年同期的增长百分比。总资产净利率（平均）_同比增长率YTD=(最近报告期总资产净利率-上年同期值)/上年同期绝对值；总资产净利率_平均YTD=最近12月净利润/平均总资产YTD；平均总资产YTD=（年初总资产+最近报告期总资产）/2,93,1,M003006Y,f16,总资产净利率（平均）_同比增长率YTD,M003,Q,metrics.comm_idx_quant_ytd_his_a,2009-04-30
217,应付账款周转率，即应付账款的周转次数，用来反映企业应付账款的流动性和流动负债偿付能力。应付账款周转率YTD=最近报告期主营业务成本/平均应付账款YTD×年化调整系数；平均应付账款YTD=（年初应付账款+最近报告期应付账款）/2,153,1,M005009Y,pto,应付账款周转率YTD,M005,Q,metrics.comm_idx_quant_ytd_his_a,2008-04-30
218,总资产_同比增长率，即本期总资产相对于上年同期值的增长百分比。总资产_同比增长率=(最近报告期总资产-上年同期值)/上年同期值,96,1,M003027Y,tag,总资产_同比增长率,M003,Q,metrics.comm_idx_quant_ytd_his_a,2008-04-30
219,营业总收入_同比增长率，即本期营业总收入相对上年同期值的增长百分比。营业总收入_同比增长率YTD=（最近报告期营业总收入-上年同期值）/上年同期值,82,1,M003028Y,revg,营业总收入_同比增长率YTD,M003,Q,metrics.comm_idx_quant_ytd_his_a,2008-04-30
220,营业总成本，即本期营业总成本相对上年同期的增长百分比。营业总成本_同比增长率YTD=(最近报告期营业总成本-上年同期值)/上年同期值,83,1,M003029Y,f50,营业总成本_同比增长率YTD,M003,Q,metrics.comm_idx_quant_ytd_his_a,2008-04-30
221,EBITDA_3年复合增长率，即当期EBITDA相对于3年前同期值的复合年增长百分比。EBITDA_3年复合增长率YTD=（（最近报告期EBITDA-3年前同期值）/3年前同期绝对值+1）^(1/3)-1；最近报告期扣除非经常性损益后EBITDA（反推法）=最近报告期税前利润（扣除非经常损益）+利息费用+报告期计提的折旧与摊销,115,1,M003031Y,f52,EBITDA_3年复合增长率YTD,M003,Q,metrics.comm_idx_quant_ytd_his_a,2010-04-30
222,毛利率_3年复合增长率，即当期毛利率相对于3年前同期值的复合年增长百分比。毛利率_3年复合增长率YTD=（（最近报告期毛利率-3年前同期值）/3年前同期绝对值+1）^(1/3)-1,116,1,M003032Y,f53,毛利率_3年复合增长率YTD,M003,Q,metrics.comm_idx_quant_ytd_his_a,2010-04-30
223,净利率_3年复合增长率，即当期净利率相对于3年前同期值的复合年增长百分比。净利率_3年复合增长率YTD=（（最近报告期净利率-3年前同期值）/3年前同期绝对值+1）^(1/3)-1,117,1,M003033Y,f54,净利率_3年复合增长率YTD,M003,Q,metrics.comm_idx_quant_ytd_his_a,2010-04-30
224,营业利润率_同比增长率，即本期营业利润率相对上年同期的增长百分比。营业利润率_同比增长率YTD=(最近报告期营业利润率-上年同期值)/上年同期绝对值,92,1,M003034Y,f55,营业利润率_同比增长率YTD,M003,Q,metrics.comm_idx_quant_ytd_his_a,2008-04-30
225,存货_同比增长率，即本期存货相对上年同期的增长百分比。存货_同比增长率=(最近报告期存货-上年同期值)/上年同期值,97,1,M003035Y,f56,存货_同比增长率,M003,Q,metrics.comm_idx_quant_ytd_his_a,2008-04-30
226,总债务_同比增长率，即本期总债务相对上年同期的增长百分比。总债务_同比增长率=(最近报告期总债务-上年同期值)/上年同期值；最近报告期总债务=最近报告期短期借款+最近报告期长期借款,99,1,M003036Y,f57,总债务_同比增长率,M003,Q,metrics.comm_idx_quant_ytd_his_a,2008-04-30
227,存货_相对年初增长率，即本期期末存货量相对年初值的增长百分比。存货_相对年初增长率=（最近报告期存货-年初值）/年初值,103,1,M003037Y,f58,存货_相对年初增长率,M003,Q,metrics.comm_idx_quant_ytd_his_a,2008-04-30
228,总债务_相对年初增长率，即本期期末总债务额相对年初值的增长百分比。总债务_相对年初增长率=（最近报告期总债务-年初值）/年初值；最近报告期总债务=最近报告期短期借款+最近报告期长期借款,105,1,M003038Y,f59,总债务_相对年初增长率,M003,Q,metrics.comm_idx_quant_ytd_his_a,2008-04-30
229,总负债_相对年初增长率，即本期期末总负债额相对年初值的增长百分比。总负债_相对年初增长率=（最近报告期总负债-年初值）/年初值,104,1,M003039Y,f60,总负债_相对年初增长率,M003,Q,metrics.comm_idx_quant_ytd_his_a,2008-04-30
230,利润总额_3年复合增长率，即当期利润总额相对于3年前同期值的复合年增长百分比。利润总额_3年复合增长率YTD=（（最近报告期利润总额-3年前同期值）/3年前同期绝对值+1）^(1/3)-1,111,1,M003030Y,f51,利润总额_3年复合增长率YTD,M003,Q,metrics.comm_idx_quant_ytd_his_a,2010-04-30
231,总资产净利率（平均）_3年复合增长率，即当期总资产净利率相对于3年前同期值的复合年增长百分比。总资产净利率（平均）_3年复合增长率YTD=（（最近报告期总资产净利率-3年前同期值）/3年前同期绝对值+1）^(1/3)-1；总资产净利率_平均YTD=最近12月净利润/平均总资产YTD；平均总资产YTD=（年初总资产+最近报告期总资产）/2,119,1,M003040Y,f61,总资产净利率（平均）_3年复合增长率YTD,M003,Q,metrics.comm_idx_quant_ytd_his_a,2011-04-30
232,债务权益比，即企业债务总额与所有着权益的比值。债务权益比YTD=最近报告期债务总额/最近报告期股东权益；最近报告期总债务=最近报告期短期借款+最近报告期长期借款,125,1,M004022Y,dde,债务权益比,M004,Q,metrics.comm_idx_quant_ytd_his_a,2007-04-30
233,资本固定化率，即固定化资产占公司所有者权益的比例，衡量公司自有资本的固定化程度。资本固定化率LTM=最近报告期非流动资产额/平均股东权益合计LTM；平均股东权益合计LTM=（上年同期股东权益+本期股东权益）/2,129,1,M004016L,f39,资本固定化率LTM,M004,Q,metrics.comm_idx_quant_his_a,2008-04-30
